id,username,full_name,profile_pic_url,is_private,is_verified
50055029763,oussama307r,,https://scontent-mia3-1.cdninstagram.com/v/t51.2885-19/250631317_113244987821086_7530037314748942108_n.jpg?stp=dst-jpg_s150x150&_nc_ht=scontent-mia3-1.cdninstagram.com&_nc_cat=110&_nc_ohc=-8TaVpU1uL4AX8LPwym&edm=AAo1ks0BAAAA&ccb=7-5&oh=00_AfCKp4HlLkujD5O9GN1M2fZjlTlDUh-PDvnGyYYkgtZyug&oe=658363BD&_nc_sid=28a1e9,True,False
3531842728,yousufmansoor,Yousuf,https://scontent-mia3-1.cdninstagram.com/v/t51.2885-19/71527027_2503415269747548_8178802652931424256_n.jpg?stp=dst-jpg_s150x150&_nc_ht=scontent-mia3-1.cdninstagram.com&_nc_cat=100&_nc_ohc=HUFJ450B9cAAX-8_N64&edm=AAo1ks0BAAAA&ccb=7-5&oh=00_AfDHPbZJVQ0eF5FRkwKKbb3X9JonHGarFTArubULd--sBQ&oe=6583CA57&_nc_sid=28a1e9,False,False
9018246833,na_1mah_,¬∞¬∞ Naimex ¬∞¬∞,https://scontent-mia3-1.cdninstagram.com/v/t51.2885-19/393350647_3306548992969492_2602333449843746346_n.jpg?stp=dst-jpg_s150x150&_nc_ht=scontent-mia3-1.cdninstagram.com&_nc_cat=104&_nc_ohc=CTN0VxR4tQoAX_ubZDf&edm=AAo1ks0BAAAA&ccb=7-5&oh=00_AfCH8aNW3X-BYk42QHo6lIolwRDhdHzh17zyJToYi8f6aA&oe=65844D71&_nc_sid=28a1e9,False,False
2105157312,y6kppn,ÿπÿ®ÿØÿßŸÑŸÑŸá ŸÖŸÇÿ±ŸÖ ÿ®ŸÜ ŸÖŸÇÿ±ŸÖ,https://scontent-mia3-1.cdninstagram.com/v/t51.2885-19/201619455_327576755601619_6303361911287102923_n.jpg?stp=dst-jpg_s150x150&_nc_ht=scontent-mia3-1.cdninstagram.com&_nc_cat=107&_nc_ohc=8M9wWUPM6RYAX9ExE2I&edm=AAo1ks0BAAAA&ccb=7-5&oh=00_AfAZ6D9pUpK_fzixajYy6DZStXSyTd939k3ozmLXVOp2wA&oe=6583D79C&_nc_sid=28a1e9,False,False
4132519656,change_1011,»Ç..ÿåÿå. ÿ£Ÿë ‚ô°Ô∏é,https://scontent-mia3-1.cdninstagram.com/v/t51.2885-19/38996707_2288540157839477_950905763629367296_n.jpg?stp=dst-jpg_s150x150&_nc_ht=scontent-mia3-1.cdninstagram.com&_nc_cat=105&_nc_ohc=N-cfai-bBn8AX8C83Bp&edm=AAo1ks0BAAAA&ccb=7-5&oh=00_AfAPaZi9WEB0RRKloHJp5nEEH0amNFbtf-j2lxwzsHcbMA&oe=6584781E&_nc_sid=28a1e9,True,False
2372037687,horizon232,horizon,https://scontent-mia3-1.cdninstagram.com/v/t51.2885-19/186341446_318229322992663_2017365653821561484_n.jpg?stp=dst-jpg_s150x150&_nc_ht=scontent-mia3-1.cdninstagram.com&_nc_cat=107&_nc_ohc=u_p8wbmLdisAX8LF62P&edm=AAo1ks0BAAAA&ccb=7-5&oh=00_AfDkYlF1gcRR1c2w--BOV6SGFsRnRlII4Y-7XAHnSmNw4Q&oe=6584B1D9&_nc_sid=28a1e9,False,False
63690659761,shqlrwy2,ÿßÿ≥ÿ≠ÿßŸÇ ÿßŸÑÿ±ÿßŸàŸä,https://scontent-mia3-1.cdninstagram.com/v/t51.2885-19/410607021_3670713859878429_7814282011119650514_n.jpg?stp=dst-jpg_s150x150&_nc_ht=scontent-mia3-1.cdninstagram.com&_nc_cat=109&_nc_ohc=uOMT4Vji6v4AX_4BS5S&edm=AAo1ks0BAAAA&ccb=7-5&oh=00_AfDJMf2sLj6LU54PYw5Q6rtUnEwo4Cptmw4YXwpiGg50cg&oe=6584D390&_nc_sid=28a1e9,False,False
3008621972,al_mnse_303,üñ§üíîüî•Ÿ±ŸÑŸíŸÄŸÖŸéŸÄŸÜŸíŸÄÿ≥ŸêŸÄŸäŸìüî•üíîüñ§,https://scontent-mia3-1.cdninstagram.com/v/t51.2885-19/410108474_655801113132330_2058847743753275531_n.jpg?stp=dst-jpg_s150x150&_nc_ht=scontent-mia3-1.cdninstagram.com&_nc_cat=106&_nc_ohc=MZ7pOEnHMI4AX-6_AHi&edm=AAo1ks0BAAAA&ccb=7-5&oh=00_AfCfYdC1R-W0UrDZ2WZ7X3Yw4V5NL13wEav2l2bSImQTGA&oe=6583D6CB&_nc_sid=28a1e9,True,False
36047268355,maherdrig,ŸÖÿßŸáÿ± ÿπÿ®ÿØ ÿßŸÑÿ≥ÿ™ÿßÿ± ÿØÿ±ÿ¨,https://scontent-mia3-1.cdninstagram.com/v/t51.2885-19/362653281_2272029039671745_270318579355760524_n.jpg?stp=dst-jpg_s150x150&_nc_ht=scontent-mia3-1.cdninstagram.com&_nc_cat=109&_nc_ohc=PbcirVwdKR4AX9ZKPal&edm=AAo1ks0BAAAA&ccb=7-5&oh=00_AfBAfdQMllDUmmXL4PRfC3fuLomqUykh8bIPzuFiZfskzw&oe=65836F7C&_nc_sid=28a1e9,False,False
59235314452,abozine2023,ŸÖÿ≠ŸÖÿØ ÿßÿ®ÿ±ÿßŸáŸäŸÖ,https://scontent-mia3-1.cdninstagram.com/v/t51.2885-19/391302710_858849622143350_4443822039872298798_n.jpg?stp=dst-jpg_s150x150&_nc_ht=scontent-mia3-1.cdninstagram.com&_nc_cat=102&_nc_ohc=LnjV7f0BJl8AX_eLmuz&edm=AAo1ks0BAAAA&ccb=7-5&oh=00_AfCHNiVtjUNjmPyZvvMfIinZ4LuXzbkE_fQU6EITshbcAQ&oe=658334FF&_nc_sid=28a1e9,True,False
5775194831,ali_azzeb,ALi Azzeb,https://scontent-mia3-1.cdninstagram.com/v/t51.2885-19/394531353_308378648616411_3580558300595216181_n.jpg?stp=dst-jpg_s150x150&_nc_ht=scontent-mia3-1.cdninstagram.com&_nc_cat=103&_nc_ohc=ebTrqlk1t6MAX9VaKVe&edm=AAo1ks0BAAAA&ccb=7-5&oh=00_AfAOYUc4sPUOV9kJH74Vhy9lxahb1BlHJtcFsM71bt57gA&oe=6583AA8D&_nc_sid=28a1e9,True,False
408885597,manmadwala_mustafa,Mustafa S Manmad / Rampura,https://scontent-mia3-1.cdninstagram.com/v/t51.2885-19/411061388_889581339490102_3941456555291396386_n.jpg?stp=dst-jpg_s150x150&_nc_ht=scontent-mia3-1.cdninstagram.com&_nc_cat=110&_nc_ohc=9obHki7EKxoAX-XhDmu&edm=AAo1ks0BAAAA&ccb=7-5&oh=00_AfCTN9new0b2kxe8E2C4_kRAq1JFQYIwNYupBy3PJ8Zt9Q&oe=6583734A&_nc_sid=28a1e9,True,False
7337167690,qaysarshakr,ŸÇŸäÿµÿ± ÿ¥ÿßŸÉÿ±ÿßŸÑ⁄ÜŸáŸÅ,https://scontent-mia3-1.cdninstagram.com/v/t51.2885-19/379148446_161872450296988_4505383587326026102_n.jpg?stp=dst-jpg_s150x150&_nc_ht=scontent-mia3-1.cdninstagram.com&_nc_cat=104&_nc_ohc=uP4ZnxpxmWcAX-YspYf&edm=AAo1ks0BAAAA&ccb=7-5&oh=00_AfD-TYcWNtkraB1Pi5Rd_xXDnKcnpzwW59gXSCAPNHB-Tg&oe=6583FA86&_nc_sid=28a1e9,False,False
6660789498,_ahlem_he,Ahlem Hebbal,https://scontent-mia3-1.cdninstagram.com/v/t51.2885-19/279522739_164098696057213_1498582651435106740_n.jpg?stp=dst-jpg_s150x150&_nc_ht=scontent-mia3-1.cdninstagram.com&_nc_cat=101&_nc_ohc=dzkhP7vktgAAX_Kchvw&edm=AAo1ks0BAAAA&ccb=7-5&oh=00_AfARb-1S3_jaU7WsxWHHjTSh3BqJ49cg34lp3J9Rg3tqZg&oe=65850F6B&_nc_sid=28a1e9,True,False
10398064470,sh_alsafi96,Shahad ‚Ä¶,https://scontent-mia3-1.cdninstagram.com/v/t51.2885-19/358168689_660459958844846_1646842049159343170_n.jpg?stp=dst-jpg_s150x150&_nc_ht=scontent-mia3-1.cdninstagram.com&_nc_cat=102&_nc_ohc=KLU1qsKz3Q0AX8kVPcJ&edm=AAo1ks0BAAAA&ccb=7-5&oh=00_AfAvWXP5Qm8LuT5wMyyj2J2vWnWd_dd3osVTd8LlLlBD0w&oe=65842363&_nc_sid=28a1e9,True,False
2217918357,a4adn,,https://scontent-mia3-1.cdninstagram.com/v/t51.2885-19/394095548_1753409641747724_1942678762248851485_n.jpg?stp=dst-jpg_s150x150&_nc_ht=scontent-mia3-1.cdninstagram.com&_nc_cat=108&_nc_ohc=1OctFVtYllQAX_RXvER&edm=AAo1ks0BAAAA&ccb=7-5&oh=00_AfBty9IYed-dUpQlvnkMD6VPN2_zEBxlmLHVkK7GdGkTJQ&oe=6583C873&_nc_sid=28a1e9,False,False
3079146928,i_fatemaomar._.1,Ÿá€ÅŸäÿ®ŸÄÔª≠ŸÅŸäŸÑŸÄùì±ùìÆùìπùìπùì∏ùìπùì±ùì≤ùìµùìÆüêéü§é‚öñ,https://scontent-mia3-1.cdninstagram.com/v/t51.2885-19/369697142_1042040417218833_881884413832868263_n.jpg?stp=dst-jpg_s150x150&_nc_ht=scontent-mia3-1.cdninstagram.com&_nc_cat=109&_nc_ohc=_6G5h2DaxgsAX-Wf-mS&edm=AAo1ks0BAAAA&ccb=7-5&oh=00_AfAZGOxi1mPt_wLRaVhEhhwRmV290CkspLVSInlWEf0haA&oe=658402BD&_nc_sid=28a1e9,True,False
14583700621,hajar_ait_jilali,Hajar,https://scontent-mia3-1.cdninstagram.com/v/t51.2885-19/347068795_766457245149163_3939875992579333986_n.jpg?stp=dst-jpg_s150x150&_nc_ht=scontent-mia3-1.cdninstagram.com&_nc_cat=107&_nc_ohc=vMAPCjHByMsAX-UzHI9&edm=AAo1ks0BAAAA&ccb=7-5&oh=00_AfCsf0njZdKi5ff_IG0jP57fVA3HaVTd0MazDI6lk7SB9w&oe=6584D3B0&_nc_sid=28a1e9,True,False
3925882012,marwa.marawan,marwa,https://scontent-mia3-1.cdninstagram.com/v/t51.2885-19/356231954_165641813175135_8556033131317966105_n.jpg?stp=dst-jpg_s150x150&_nc_ht=scontent-mia3-1.cdninstagram.com&_nc_cat=103&_nc_ohc=lD41jBcWu2MAX_wQ7oG&edm=AAo1ks0BAAAA&ccb=7-5&oh=00_AfCNL0Y_KGtgjLJiFnWIMVOZdmACvXXX6gcsRfIVfFud5w&oe=65845451&_nc_sid=28a1e9,True,False
14416806638,as_ma_tm,ÿ£ÿ≥ŸÖÿßÿ°  ÿ™ŸàÿßŸÖ,https://scontent-mia3-1.cdninstagram.com/v/t51.2885-19/403917842_3655072238147295_6500964386491073834_n.jpg?stp=dst-jpg_s150x150&_nc_ht=scontent-mia3-1.cdninstagram.com&_nc_cat=103&_nc_ohc=RpAVtrmgvo8AX_fs1Nh&edm=AAo1ks0BAAAA&ccb=7-5&oh=00_AfChRxydx-DQ-HUZgwXVhF2A3KXrt528TtJm8gkWDLnPLg&oe=6584DC4B&_nc_sid=28a1e9,True,False
5623180490,krwx99,BASHAR IRONSIDE  „ä®,https://scontent-mia3-1.cdninstagram.com/v/t51.2885-19/408084773_1760527877789709_8906386902698020518_n.jpg?stp=dst-jpg_s150x150&_nc_ht=scontent-mia3-1.cdninstagram.com&_nc_cat=109&_nc_ohc=ct6ahsFK0d4AX-n-cpY&edm=AAo1ks0BAAAA&ccb=7-5&oh=00_AfBmssdbD2ZY_uPz_35FF09uvcYncUcD5QKc9I5PbmFbsA&oe=6584C834&_nc_sid=28a1e9,False,False
5389413848,kamalfouz,Kamal Fouz,https://scontent-mia3-1.cdninstagram.com/v/t51.2885-19/292802569_101054452661942_7443054394030640218_n.jpg?stp=dst-jpg_s150x150&_nc_ht=scontent-mia3-1.cdninstagram.com&_nc_cat=102&_nc_ohc=XX0vosItX6wAX86ImY6&edm=AAo1ks0BAAAA&ccb=7-5&oh=00_AfDY4b_GYGfR5K5NI_Nx2HRWPpVk8iOsUd6vOWePNxhkRQ&oe=6583705F&_nc_sid=28a1e9,True,False
27276989916,daoued_bl,ùê∑ùëéùëëùëúùë¢ üåú,https://scontent-mia3-1.cdninstagram.com/v/t51.2885-19/409646150_2633705963464084_6421690185767832480_n.jpg?stp=dst-jpg_s150x150&_nc_ht=scontent-mia3-1.cdninstagram.com&_nc_cat=104&_nc_ohc=PSpSSAfjFkgAX9XPQA1&edm=AAo1ks0BAAAA&ccb=7-5&oh=00_AfCmFiaay_Y4eqBJwag6OGcn2UnwyGeuupFSFZ00MJVTfw&oe=65839E9B&_nc_sid=28a1e9,True,False
13107154565,kawthar.awwad,ÿßŸÑŸÉŸéŸàÿ´Ÿéÿ±üíô‚ú®,https://scontent-mia3-1.cdninstagram.com/v/t51.2885-19/296003248_168949188964917_6160919556251773941_n.jpg?stp=dst-jpg_s150x150&_nc_ht=scontent-mia3-1.cdninstagram.com&_nc_cat=109&_nc_ohc=60HJ_L_hbh8AX-FINlo&edm=AAo1ks0BAAAA&ccb=7-5&oh=00_AfCEcWb-mkrYMUKr48IIOeOsZnv9RrQ9epqFZG0j9WItug&oe=6583D703&_nc_sid=28a1e9,True,False
60864693817,qalamarabiyya,ÿ£ÿ¨ŸÖŸÑ ŸÖÿß ŸÇŸäŸÑ,https://scontent-mia3-1.cdninstagram.com/v/t51.2885-19/373453234_682592136735246_7156917301294645229_n.jpg?stp=dst-jpg_s150x150&_nc_ht=scontent-mia3-1.cdninstagram.com&_nc_cat=106&_nc_ohc=--vqFz1p_1IAX_u31DB&edm=AAo1ks0BAAAA&ccb=7-5&oh=00_AfCS9aXL8TbURYJYkbAfzN21j6YKLiv5IvX9LJMpU8-ipg&oe=6583DD46&_nc_sid=28a1e9,False,False
44523049023,moon_light.7s,‡∏°‡∏≤‡∏ä‡πà‡∏≤ ‚ú®,https://scontent-mia3-1.cdninstagram.com/v/t51.2885-19/396048500_1567673003972712_92717270750215064_n.jpg?stp=dst-jpg_s150x150&_nc_ht=scontent-mia3-1.cdninstagram.com&_nc_cat=100&_nc_ohc=iIMHz5DK9koAX8sUT7n&edm=AAo1ks0BAAAA&ccb=7-5&oh=00_AfCtd9D5Rfb0iqKoUjg2R0uIoKIpMTwi9uJk4xy-SrrOhg&oe=658368E7&_nc_sid=28a1e9,False,False
52819576392,issam17idbllal,issam17idbllal,https://scontent-mia3-1.cdninstagram.com/v/t51.2885-19/330206775_1826602694380655_4177493868810618762_n.jpg?stp=dst-jpg_s150x150&_nc_ht=scontent-mia3-1.cdninstagram.com&_nc_cat=111&_nc_ohc=yNfDKz4VJdEAX-HrMhK&edm=AAo1ks0BAAAA&ccb=7-5&oh=00_AfBJ1ETz63S1nB6f-nCg6c9GylRGXXH-4RPq8-PfmNLdcQ&oe=65847462&_nc_sid=28a1e9,False,False
3073195308,tttnob,ÿ≥Ÿàÿ±Ÿä,https://scontent-mia3-1.cdninstagram.com/v/t51.2885-19/358022222_287616390499604_3327059437296691984_n.jpg?stp=dst-jpg_s150x150&_nc_ht=scontent-mia3-1.cdninstagram.com&_nc_cat=108&_nc_ohc=uiKhS6AsehoAX-S1rw1&edm=AAo1ks0BAAAA&ccb=7-5&oh=00_AfAjJk8WjK7u-vj44aGKuelbUFEJohms0H_3VscckVSgzA&oe=6583B608&_nc_sid=28a1e9,False,False
16720104573,am_barakeh,Amal barakeh,https://scontent-mia3-1.cdninstagram.com/v/t51.2885-19/386933334_7300267940002411_8088676395967741265_n.jpg?stp=dst-jpg_s150x150&_nc_ht=scontent-mia3-1.cdninstagram.com&_nc_cat=107&_nc_ohc=6abw7AAt99QAX-MkXwz&edm=AAo1ks0BAAAA&ccb=7-5&oh=00_AfDoYn2mmEy4QkI9zJk7MyDULt8NQve98AKOdntFjgh5Qg&oe=6584A0B4&_nc_sid=28a1e9,True,False
10643560976,_jx_909,19,https://scontent-mia3-1.cdninstagram.com/v/t51.2885-19/383161291_3619420988299795_6216018387085327444_n.jpg?stp=dst-jpg_s150x150&_nc_ht=scontent-mia3-1.cdninstagram.com&_nc_cat=107&_nc_ohc=_7OlWh1Rt3kAX_r2sL7&edm=AAo1ks0BAAAA&ccb=7-5&oh=00_AfAeSC3xnu2MvR2l7HZhg7xIlZSrwK8S0FSokFySJ4v7Cg&oe=658468AB&_nc_sid=28a1e9,True,False
2333794147,nadijda_alali,Nadijda Alali,https://scontent-mia3-1.cdninstagram.com/v/t51.2885-19/411515102_1476865359825558_8507974588080647341_n.jpg?stp=dst-jpg_s150x150&_nc_ht=scontent-mia3-1.cdninstagram.com&_nc_cat=106&_nc_ohc=OTDvioiw2WUAX8J2wzw&edm=AAo1ks0BAAAA&ccb=7-5&oh=00_AfBc8FRG2ptdwDtfH2nMRunL6xvm5ZdPXI6N41Lou7tnpw&oe=65851D69&_nc_sid=28a1e9,True,False
6706779374,ahmed_magdy_allithy,ahmed magdy,https://scontent-mia3-1.cdninstagram.com/v/t51.2885-19/61405403_286604272121298_4753931555699687424_n.jpg?stp=dst-jpg_s150x150&_nc_ht=scontent-mia3-1.cdninstagram.com&_nc_cat=106&_nc_ohc=rTgvsGdqCy0AX_XIljy&edm=AAo1ks0BAAAA&ccb=7-5&oh=00_AfB-yBo5g05pgg_zkVU9ouhU5MM0y4mMKj-PBZ__zuiB1A&oe=65841CA4&_nc_sid=28a1e9,True,False
31853950696,hiba.701,ùìóùì≤ùì´ùì™ùìΩùì™ùìµùìµùì™ùì± ùìêùì´ùì≠ùìÆùìµùîÄùì™ùì±ùì™ùì´,https://scontent-mia3-1.cdninstagram.com/v/t51.2885-19/356139316_592932502966980_7745509385990041260_n.jpg?stp=dst-jpg_s150x150&_nc_ht=scontent-mia3-1.cdninstagram.com&_nc_cat=100&_nc_ohc=ZrH6ez7urkoAX_e_Mw1&edm=AAo1ks0BAAAA&ccb=7-5&oh=00_AfD0QeKjZXXGBIGHVVTjrzN3s9IPgJWe6r6rsmIR5Wx_TA&oe=6584E32F&_nc_sid=28a1e9,True,False
45962062428,frh__sd,ùìïùì™ùìªùì™ùì±,https://scontent-mia3-1.cdninstagram.com/v/t51.2885-19/401894784_681209960658023_7477688257517025466_n.jpg?stp=dst-jpg_s150x150&_nc_ht=scontent-mia3-1.cdninstagram.com&_nc_cat=111&_nc_ohc=GPaENNhRLUIAX9aHRFs&edm=AAo1ks0BAAAA&ccb=7-5&oh=00_AfAdkC_atodYSpBP09ve-O6I7i5dVxR-JoiVJSO6VTLYqA&oe=65836E88&_nc_sid=28a1e9,True,False
5427042565,hema_rhyl,Lion's heart,https://scontent-mia3-1.cdninstagram.com/v/t51.2885-19/271890459_3005888663004792_5378196238285955545_n.jpg?stp=dst-jpg_s150x150&_nc_ht=scontent-mia3-1.cdninstagram.com&_nc_cat=100&_nc_ohc=Sw911NyDrdkAX-uQpvD&edm=AAo1ks0BAAAA&ccb=7-5&oh=00_AfDjAJ3qvVsHtOtHq_GoKO9TGwfYnO8t-R7KmAQgw7VusA&oe=65839757&_nc_sid=28a1e9,False,False
3608266500,saba_quraishiiii,ÿµÿ®ÿß ÿ≠ŸÖÿ≤ÿ©,https://scontent-mia3-1.cdninstagram.com/v/t51.2885-19/332190221_146929651569834_5009288172232656800_n.jpg?stp=dst-jpg_s150x150&_nc_ht=scontent-mia3-1.cdninstagram.com&_nc_cat=106&_nc_ohc=1S-42R_VTK4AX-YEbDj&edm=AAo1ks0BAAAA&ccb=7-5&oh=00_AfCDhDBgUuWIMY9gSck29PqhZog9Rxb3lTsxr7pzE-cXSg&oe=65844221&_nc_sid=28a1e9,False,False
39890127566,zahra_9u,Zahra,https://scontent-mia3-1.cdninstagram.com/v/t51.2885-19/117255721_763199614501384_534042595560394194_n.jpg?stp=dst-jpg_s150x150&_nc_ht=scontent-mia3-1.cdninstagram.com&_nc_cat=104&_nc_ohc=xFFSXmdWYqAAX9JMtus&edm=AAo1ks0BAAAA&ccb=7-5&oh=00_AfDeLcbf57TXCRnU5IhctKBxa96ZIr5yxz3TmY6WAeuupA&oe=6584FB4F&_nc_sid=28a1e9,False,False
46951802060,fanaya216,Aya,https://scontent-mia3-1.cdninstagram.com/v/t51.2885-19/404891685_1524919604921558_3496689102634157995_n.jpg?stp=dst-jpg_s150x150&_nc_ht=scontent-mia3-1.cdninstagram.com&_nc_cat=102&_nc_ohc=f54XlFnSjjIAX-XZxXY&edm=AAo1ks0BAAAA&ccb=7-5&oh=00_AfAi8QmcfATaUTg7owc9feWETvRRcuBbnXbURMSLGv4coA&oe=65833D23&_nc_sid=28a1e9,True,False
45085819427,nihadaboutoul,Nihad Ab,https://scontent-mia3-1.cdninstagram.com/v/t51.2885-19/326467232_475795111418885_7748295255768894035_n.jpg?stp=dst-jpg_s150x150&_nc_ht=scontent-mia3-1.cdninstagram.com&_nc_cat=105&_nc_ohc=htQfjrfgHKQAX_x75Xf&edm=AAo1ks0BAAAA&ccb=7-5&oh=00_AfCl4Bzag7-3IMXYQN4eZIzY9APL0Vbo_ngulXTyiFMW8w&oe=6584724F&_nc_sid=28a1e9,True,False
52099050336,isr_aa725,ƒ∞≈ûRA√É  R√ø,https://scontent-mia3-1.cdninstagram.com/v/t51.2885-19/408115000_238015242505451_5427454935315310143_n.jpg?stp=dst-jpg_s150x150&_nc_ht=scontent-mia3-1.cdninstagram.com&_nc_cat=111&_nc_ohc=SwOuqZdz_LoAX9NWdzk&edm=AAo1ks0BAAAA&ccb=7-5&oh=00_AfCwyMXJzxLPCUOKOXPkbVAswStlk90XB6I5-9OPI5yA1A&oe=65847741&_nc_sid=28a1e9,True,False
355467480,khalaf2022,{¬´ “õ≈ã√†ƒø√†‚à´¬ª }‚Ä¢&‚Ä¢,https://scontent-mia3-1.cdninstagram.com/v/t51.2885-19/11378957_1027499237284801_1918995956_a.jpg?_nc_ht=scontent-mia3-1.cdninstagram.com&_nc_cat=101&_nc_ohc=zxnde3TW7HYAX_Me0G3&edm=AAo1ks0BAAAA&ccb=7-5&oh=00_AfD9YGWKwRoyO3maD0PmPtWpHuVR9PwLb54s1C6MN8kKTg&oe=658431BF&_nc_sid=28a1e9,False,False
936347172,shawalzaki,,https://scontent-mia3-1.cdninstagram.com/v/t51.2885-19/397003729_155904277606155_5111697003024766768_n.jpg?stp=dst-jpg_s150x150&_nc_ht=scontent-mia3-1.cdninstagram.com&_nc_cat=103&_nc_ohc=v12ZpQmjFYkAX8knM8J&edm=AAo1ks0BAAAA&ccb=7-5&oh=00_AfBKK2_iKBdeIoUsmr_FWtZGvw9KLBVgQO8A25HvaGDyfQ&oe=6584CFB0&_nc_sid=28a1e9,False,False
1742368926,_moslle,Abo Bassam Moslle,https://scontent-mia3-1.cdninstagram.com/v/t51.2885-19/107923225_793941777809911_2163452757998452242_n.jpg?stp=dst-jpg_s150x150&_nc_ht=scontent-mia3-1.cdninstagram.com&_nc_cat=107&_nc_ohc=yfNPG7f43ScAX8AZurC&edm=AAo1ks0BAAAA&ccb=7-5&oh=00_AfBMBMSMZeiGaXJgXcVd_PTwY5xrn92SU_shLof6ca47Gw&oe=65833507&_nc_sid=28a1e9,True,False
10472729358,6.eenn,ŸÖÿ±ÿ™ÿ∂Ÿâ ÿßŸÑÿµÿßŸÑÿ≠Ÿä ÿßŸÑ⁄Øÿ≤ŸáŸàÿ±,https://scontent-mia3-1.cdninstagram.com/v/t51.2885-19/275478716_664624641354535_6739080639412241000_n.jpg?stp=dst-jpg_s150x150&_nc_ht=scontent-mia3-1.cdninstagram.com&_nc_cat=107&_nc_ohc=vY4dLe4jNAQAX8ShiKM&edm=AAo1ks0BAAAA&ccb=7-5&oh=00_AfCSuI0qhsi5vBiYNhq0T_Ua748KXF4lucsHEmDeJ8RJpg&oe=65837D6A&_nc_sid=28a1e9,False,False
2368801664,atiik__sdk,,https://instagram.fcgh51-1.fna.fbcdn.net/v/t51.2885-19/44884218_345707102882519_2446069589734326272_n.jpg?_nc_ht=instagram.fcgh51-1.fna.fbcdn.net&_nc_cat=1&_nc_ohc=6IDUPVQC9VcAX8J7XFl&edm=AJ9x6zYBAAAA&ccb=7-5&ig_cache_key=YW5vbnltb3VzX3Byb2ZpbGVfcGlj.2-ccb7-5&oh=00_AfC2Wp6Q56cYBjGJMI1428BWG6fuzeCtkUJUmlOEVm2p3A&oe=6584F10F&_nc_sid=65462d,True,False
50165343711,ahmed.abduulla,ÿ£ÿ≠ŸÖÿØ ÿßŸÑŸÖÿ≠ÿ∂ÿßÿ±,https://scontent-mia3-1.cdninstagram.com/v/t51.2885-19/367511204_313089301159988_7705820912746958767_n.jpg?stp=dst-jpg_s150x150&_nc_ht=scontent-mia3-1.cdninstagram.com&_nc_cat=108&_nc_ohc=vfhDGU996FkAX-ZwlKH&edm=AAo1ks0BAAAA&ccb=7-5&oh=00_AfBm964Bade-QcwRdbKQflz5wnSXeTlzHKK-b4k6HXztaw&oe=65844F54&_nc_sid=28a1e9,False,False
53070382658,baraka.aldaas,ÿ®ÿ±ŸÉÿ© ÿßŸÑÿØÿπÿßÿ≥,https://scontent-mia3-1.cdninstagram.com/v/t51.2885-19/394826258_1372072967064933_486560271919024058_n.jpg?stp=dst-jpg_s150x150&_nc_ht=scontent-mia3-1.cdninstagram.com&_nc_cat=109&_nc_ohc=B5ZY7g8bQQsAX86HzJ3&edm=AAo1ks0BAAAA&ccb=7-5&oh=00_AfAsVgToyZOo_FIB-6BHLKn9Bk3fBeVIDQLNr_-tTLQnlw&oe=6584423D&_nc_sid=28a1e9,True,False
45477353370,nooralarabs,,https://scontent-mia3-1.cdninstagram.com/v/t51.2885-19/392954731_1007218280504390_2693775112780993440_n.jpg?stp=dst-jpg_s150x150&_nc_ht=scontent-mia3-1.cdninstagram.com&_nc_cat=102&_nc_ohc=thR2KuSnR14AX-d6NAn&edm=AAo1ks0BAAAA&ccb=7-5&oh=00_AfA-aGhjXBg-PBVvA-bYXildZajr9y7AIDKe7H0YIJW4kg&oe=65838A0A&_nc_sid=28a1e9,True,False
50252895555,mounira.zq85,,https://scontent-mia3-1.cdninstagram.com/v/t51.2885-19/254737592_1817361528464122_8429741928395146374_n.jpg?stp=dst-jpg_s150x150&_nc_ht=scontent-mia3-1.cdninstagram.com&_nc_cat=110&_nc_ohc=z0K4A4s_mSwAX-Q9EQm&edm=AAo1ks0BAAAA&ccb=7-5&oh=00_AfA1Sge2BLtgf99nDHbrj6cuQXifpN9yG1_kv2Lt_vqWjA&oe=6583E8D8&_nc_sid=28a1e9,False,False
3047821315,atallah52,ÿØ. ŸÖÿ≠ŸÖÿØ ÿπÿ∑ÿßÿßŸÑŸÑŸá,https://scontent-mia3-1.cdninstagram.com/v/t51.2885-19/106928278_708777569901213_2026079450257380411_n.jpg?stp=dst-jpg_s150x150&_nc_ht=scontent-mia3-1.cdninstagram.com&_nc_cat=109&_nc_ohc=GG_1lrDXOZgAX8qzGYR&edm=AAo1ks0BAAAA&ccb=7-5&oh=00_AfCOCnoIsPx5mnZVYhgVojJ4sH3r6Ot1RzQmeuJJeNMxsQ&oe=6584EA3B&_nc_sid=28a1e9,True,False
